Clase,SubClase,Rubro,SubRubro,Cuenta,Nombre,GLA_DESCRIPTION
ACTIVO,ACTIVO CORRIENTE,DISPONIBILIDADES,,111110,CAJA,Cash in Bank - Checking
ACTIVO,ACTIVO CORRIENTE,DISPONIBILIDADES,,111111,MONEDA EXTRANJERA,Cash in Bank - Checking
ACTIVO,ACTIVO CORRIENTE,DISPONIBILIDADES,,111113,CAJA CHICA,Cash in Bank - Checking
ACTIVO,ACTIVO CORRIENTE,DISPONIBILIDADES,,111130,CHEQUES EN CARTERA,Cash in Bank - Checking
ACTIVO,ACTIVO CORRIENTE,DISPONIBILIDADES,,111210,BANCO SANTANDER $,Cash in Bank - Checking
ACTIVO,ACTIVO CORRIENTE,DISPONIBILIDADES,,111212,BALANZ CTA CTE $,Cash in Bank - Checking
ACTIVO,ACTIVO CORRIENTE,DISPONIBILIDADES,,111213,BANCO SANTANDER U$S,Cash in Bank - Checking
ACTIVO,ACTIVO CORRIENTE,DISPONIBILIDADES,,111214,BALANZ CTA U$S,Cash in Bank - Checking
ACTIVO,ACTIVO CORRIENTE,DISPONIBILIDADES,,111230,TARJETA AMEX UNO,Cash in Bank - Checking
ACTIVO,ACTIVO CORRIENTE,DISPONIBILIDADES,,111231,Fondos a Rendir AR$,Accounts Receivable - Cash Advance
ACTIVO,ACTIVO CORRIENTE,DISPONIBILIDADES,,111232,Fondos a Rendir USD,Accounts Receivable - Cash Advance
ACTIVO,ACTIVO CORRIENTE,CREDITOS,,112110,DEUDORES POR VENTAS,Accounts Receivable
ACTIVO,ACTIVO CORRIENTE,CREDITOS,,112111,CONCEPTOS A FACTURAR,Accounts Receivable
ACTIVO,ACTIVO CORRIENTE,CREDITOS,,112112,CONCEPTOS A FACTURAR INTERCOMPANY,Accounts Receivable
ACTIVO,ACTIVO CORRIENTE,CREDITOS,,112113,PROV INGRESOS,Accounts Receivable
ACTIVO,ACTIVO CORRIENTE,CREDITOS,,112120,CHEQUES DIFERIDOS CLIENTES(No Usar),Cash in Bank - Checking
ACTIVO,ACTIVO CORRIENTE,CREDITOS,,112205,ANTICIPO IMP A LAS GCIAS,Tax Payable
ACTIVO,ACTIVO CORRIENTE,CREDITOS,,112220,SALDO A FAVOR IMP GANANCIAS,Tax Payable
ACTIVO,ACTIVO CORRIENTE,CREDITOS,,112230,SALDO A FAVOR INGRESOS BRUTOS,Tax Payable
ACTIVO,ACTIVO CORRIENTE,CREDITOS,,112235,CRED FISCAL IVA 21%,Tax Payable
ACTIVO,ACTIVO CORRIENTE,CREDITOS,,112240,CRED FISCAL IVA 27%,Tax Payable
ACTIVO,ACTIVO CORRIENTE,CREDITOS,,112241,CRED FISCAL IVA 10.5%,Tax Payable
ACTIVO,ACTIVO CORRIENTE,CREDITOS,,112242,CRED FISCAL IVA 2.5%,Tax Payable
ACTIVO,ACTIVO CORRIENTE,CREDITOS,,112243,CRED FISCAL IVA 5%,Tax Payable
ACTIVO,ACTIVO CORRIENTE,CREDITOS,,112245,PERCEPCION IVA,Tax Payable
ACTIVO,ACTIVO CORRIENTE,CREDITOS,,112246,PERCEPCION GANANCIAS RG 3550,Tax Payable
ACTIVO,ACTIVO CORRIENTE,CREDITOS,,112247,PERCEPCION IVA CLIENTES,Tax Payable
ACTIVO,ACTIVO CORRIENTE,CREDITOS,,112248,PERCEPCION RG 4815,Tax Payable
ACTIVO,ACTIVO CORRIENTE,CREDITOS,,112250,PERCEPCION IIBB CABA,Tax Payable
ACTIVO,ACTIVO CORRIENTE,CREDITOS,,112252,PERCEPCION IIBB CORDOBA,Tax Payable
ACTIVO,ACTIVO CORRIENTE,CREDITOS,,112253,PERCEPCION IIBB SANTA FE,Tax Payable
ACTIVO,ACTIVO CORRIENTE,CREDITOS,,112260,SALDO A FAVOR IVA,Tax Payable
ACTIVO,ACTIVO CORRIENTE,CREDITOS,,112265,ANTICIPOS DE IVA,Tax Payable
ACTIVO,ACTIVO CORRIENTE,CREDITOS,,112270,ANTICIPOS IGMP,Tax Payable
ACTIVO,ACTIVO CORRIENTE,CREDITOS,,112280,RETENCION SUSS CLIENTES,Tax Payable
ACTIVO,ACTIVO CORRIENTE,CREDITOS,,112285,GCIA.MINIMA PRESUNTA,Tax Payable
ACTIVO,ACTIVO CORRIENTE,CREDITOS,,112290,CREDITO IMPUESTO DIFERIDO,Tax Payable
ACTIVO,ACTIVO CORRIENTE,CREDITOS,,112298,ANTICIPO SICORE,Tax Payable
ACTIVO,ACTIVO CORRIENTE,CREDITOS,,112299,CRED IMPUESTO LEY 25413,Tax Payable
ACTIVO,ACTIVO CORRIENTE,CREDITOS,,112310,RETENCION IMP GCIAS CLIENTES,Tax Payable
ACTIVO,ACTIVO CORRIENTE,CREDITOS,,112320,RETENCION IVA DE CLIENTES,Tax Payable
ACTIVO,ACTIVO CORRIENTE,CREDITOS,,112330,RETENCION IIBB CABA,Tax Payable
ACTIVO,ACTIVO CORRIENTE,CREDITOS,,112332,RETENCION IIBB CORODBA,Tax Payable
ACTIVO,ACTIVO CORRIENTE,CREDITOS,,112333,RETENCION IIBB SANTA FE,Tax Payable
ACTIVO,ACTIVO CORRIENTE,CREDITOS,,112350,RETENCION SIRCREB BANCOS,Tax Payable
ACTIVO,ACTIVO CORRIENTE,CREDITOS,,112405,ANTICIPOS A PROVEEDORES,Other Assets
ACTIVO,ACTIVO CORRIENTE,CREDITOS,,112410,ANTICIPO PERSONAL Y GTOS A RENDIR,Other Assets
ACTIVO,ACTIVO CORRIENTE,CREDITOS,,112415,GASTOS  A RENDIR ,Other Assets
ACTIVO,ACTIVO CORRIENTE,DISPONIBILIDADES,,112420,FONDOS A RENDIR (FO),Other Assets
ACTIVO,ACTIVO CORRIENTE,CREDITOS,,112425,OTROS CREDITOS,Other Assets
ACTIVO,ACTIVO CORRIENTE,CREDITOS,,112455,DEUDORES VARIOS,Other Assets
ACTIVO,ACTIVO CORRIENTE,CREDITOS,,112460,DEPOSITO EN GARANTIA,Other Assets
ACTIVO,ACTIVO CORRIENTE,CREDITOS,,112490,CTA PARTICULAR SANTIAGO PUIGARI,Other Assets
ACTIVO,ACTIVO CORRIENTE,CREDITOS,,112491,CTA. PARTICULAR MARCELO MONTEFIORE,Other Assets
ACTIVO,ACTIVO CORRIENTE,CREDITOS,,112492,CTA. PARTICULAR IGNACIO BAGLIETTO,Other Assets
ACTIVO,ACTIVO CORRIENTE,CREDITOS,,112493,CTA. PARTICULAR MARCELO DUARTE,Accounts Receivable - Other
ACTIVO,ACTIVO CORRIENTE,CREDITOS,,112494,CTA. PARTICULAR SEBASTIAN BAGLIETTO,Other Assets
ACTIVO,ACTIVO CORRIENTE,CREDITOS,,112495,CTA. PARTICULAR DANIEL BLOISE,Other Assets
ACTIVO,ACTIVO CORRIENTE,CREDITOS,,112496,CREDITOS INTERCO,Other Assets
ACTIVO,ACTIVO CORRIENTE,INVERSIONES,,113040,FCI SANTANDER RIO,Investment
ACTIVO,ACTIVO CORRIENTE,INVERSIONES,,113041,LECAPS BALANZ,Investment
ACTIVO,ACTIVO NO CORRIENTE,BIENES DE USO,,121010,VO MUEBLES Y UTILES,Furniture and Fixtures
ACTIVO,ACTIVO NO CORRIENTE,BIENES DE USO,,121011,AA MUEBLES Y UTILES,Acc Amort - Furniture and Fxitures
ACTIVO,ACTIVO NO CORRIENTE,BIENES DE USO,,121030,VO EQUIPOS DE COMPUTACION,Computer Equipment
ACTIVO,ACTIVO NO CORRIENTE,BIENES DE USO,,121031,AA EQUIPOS DE COMPUTACION,Acc Amort - Computer Equipment
ACTIVO,ACTIVO NO CORRIENTE,BIENES DE USO,,121040,VO SOFTWARE,Computer Equipment
ACTIVO,ACTIVO NO CORRIENTE,BIENES DE USO,,121041,AA SOFTWARE,Acc Amort - Computer Equipment
ACTIVO,ACTIVO NO CORRIENTE,BIENES DE USO,,121050,VO INSTALACIONES,Tools
ACTIVO,ACTIVO NO CORRIENTE,BIENES DE USO,,121051,AA INSTALACIONES,Acc Amort - Tools
ACTIVO,ACTIVO NO CORRIENTE,BIENES DE USO,,121060,VO RODADOS,Furniture and Fixtures
ACTIVO,ACTIVO NO CORRIENTE,BIENES DE USO,,121061,AA RODADOS,Acc Amort - Furniture and Fxitures
ACTIVO,ACTIVO NO CORRIENTE,BIENES DE USO,,121080,VO APARATOS TELEFONICOS,Tools
ACTIVO,ACTIVO NO CORRIENTE,BIENES DE USO,,121081,AA APARATOS TELEFONICOS,Acc Amort - Tools
ACTIVO,ACTIVO NO CORRIENTE,BIENES DE USO,,121090,VO MEJORAS DE INMUEBLES,Leasehold Improvements
ACTIVO,ACTIVO NO CORRIENTE,BIENES DE USO,,121095,AA MEJORAS DE INMUEBLES,Acc Amort - Leasehold Improvements
ACTIVO,ACTIVO CORRIENTE,INVERSIONES,,130042,FCI BALANZ,Investment
PASIVO,PASIVO CORRIENTE,DEUDAS COMERCIALES,,211010,PROVEEDORES DE MEDIOS,Accounts Payable - Argentina
PASIVO,PASIVO CORRIENTE,DEUDAS COMERCIALES,,211020,PROVEEDORES DE PRODUCCION,Accounts Payable - Argentina
PASIVO,PASIVO CORRIENTE,DEUDAS COMERCIALES,,211030,PROVEEDORES DE GASTOS,Accounts Payable - Argentina
PASIVO,PASIVO CORRIENTE,DEUDAS COMERCIALES,,211070,ANTICIPO DE CLIENTES,Accounts Payable - Argentina
PASIVO,PASIVO CORRIENTE,DEUDAS SOCIALES,,211071,ANTICIPOS DE CLIENTES 2,Accounts Payable - Argentina
PASIVO,PASIVO CORRIENTE,DEUDAS COMERCIALES,,211080,ACREEDORES VARIOS,Accounts Payable - Argentina
PASIVO,PASIVO CORRIENTE,DEUDAS COMERCIALES,,211085,CH DIF BANCO SANTANDER RIO,Accounts Payable - Argentina
PASIVO,PASIVO CORRIENTE,DEUDAS COMERCIALES,,211090,CH DIF BANCO 2,Accounts Payable - Argentina
PASIVO,PASIVO CORRIENTE,DEUDAS COMERCIALES,,211095,TARJETA AMEX D. BLOISE A PAGAR,Accounts Payable - Argentina
PASIVO,PASIVO CORRIENTE,DEUDAS COMERCIALES,,211096,TARJETA A PAGAR,Accounts Payable - Argentina
PASIVO,PASIVO CORRIENTE,DEUDAS COMERCIALES,,211097,TARJETA AMEX S. PUIGGARI	A PAGAR,Accounts Payable - Argentina
PASIVO,PASIVO CORRIENTE,DEUDAS COMERCIALES,,211098,TARJETA AMEX F. CASAL	A PAGAR,Accounts Payable - Argentina
PASIVO,PASIVO CORRIENTE,DEUDAS COMERCIALES,,211099,TARJETA VISA S. PUIGGARI A PAGAR,Accounts Payable - Argentina
PASIVO,PASIVO CORRIENTE,DEUDAS COMERCIALES,,211100,TARJETA AMEX BTA A PAGAR,Accounts Payable - Argentina
PASIVO,PASIVO CORRIENTE,SERV.PENDIENTES DE LIQUID.,,212010,CUENTA PUENTE MEDIOS,Accounts Payable - Argentina
PASIVO,PASIVO CORRIENTE,SERV.PENDIENTES DE LIQUID.,,212011,PROVISION POR INVERSION,Accounts Payable - Argentina
PASIVO,PASIVO CORRIENTE,SERV.PENDIENTES DE LIQUID.,,212020,CUENTA PUENTE PRODUCCION,Accounts Payable - Argentina
PASIVO,PASIVO CORRIENTE,DEUDAS BANCARIAS,,213010,PRESTAMOS A PAGAR - CAPITAL,Lease Liability - operating leases
PASIVO,PASIVO CORRIENTE,DEUDAS BANCARIAS,,213011,PRESTAMOS A PAGAR - iNTERESES ,Lease Liability - operating leases
PASIVO,PASIVO CORRIENTE,DEUDAS BANCARIAS,,213012,INTERESES A DEVENGAR,Lease Liability - operating leases
PASIVO,PASIVO CORRIENTE,DEUDAS SOCIALES,,214010,SUELDOS A PAGAR,Accrued Salaries & Bonus
PASIVO,PASIVO CORRIENTE,DEUDAS SOCIALES,,214011,SUELDOS A PAGAR U$S,Accrued Salaries & Bonus
PASIVO,PASIVO CORRIENTE,DEUDAS SOCIALES,,214015,CARGAS SOC. A PAGAR,Tax Payable
PASIVO,PASIVO CORRIENTE,DEUDAS SOCIALES,,214020,APORTES SEG SOC A PAGAR,Tax Payable
PASIVO,PASIVO CORRIENTE,DEUDAS SOCIALES,,214030,APORTES OS A PAGAR,Tax Payable
PASIVO,PASIVO CORRIENTE,DEUDAS SOCIALES,,214040,CONTRIB. SEG SOC A PAGAR,Tax Payable
PASIVO,PASIVO CORRIENTE,DEUDAS SOCIALES,,214050,CONTRIB OS A PAGAR,Tax Payable
PASIVO,PASIVO CORRIENTE,DEUDAS SOCIALES,,214060,ART A PAGAR,Tax Payable
PASIVO,PASIVO CORRIENTE,DEUDAS SOCIALES,,214070,SINDICATO A PAGAR,Tax Payable
PASIVO,PASIVO CORRIENTE,DEUDAS SOCIALES,,214075,PROVISIÓN VACACIONES,Tax Payable
PASIVO,PASIVO CORRIENTE,DEUDAS SOCIALES,,214076,PROVISIÓN CARGAS SOCIALES VACACIONES,Tax Payable
PASIVO,PASIVO CORRIENTE,DEUDAS SOCIALES,,214077,PROVISION SUELDO ANUAL COMPLEMENTARIO,Tax Payable
PASIVO,PASIVO CORRIENTE,DEUDAS SOCIALES,,214078,PROVISION CARGAS SOCIAL SAC,Tax Payable
PASIVO,PASIVO CORRIENTE,DEUDAS SOCIALES,,214080,SEGURO VIDA A PAGAR,Tax Payable
PASIVO,PASIVO CORRIENTE,DEUDAS FISCALES,,215010,RET GANANCIAS EFECTUADAS A PROVEEDORES,Tax Payable
PASIVO,PASIVO CORRIENTE,DEUDAS FISCALES,,215012,RET IVA EFECTUADAS A PROVEEDORES,Tax Payable
PASIVO,PASIVO CORRIENTE,DEUDAS FISCALES,,215015,RET SUSS EFECTUADAS,Tax Payable
PASIVO,PASIVO CORRIENTE,DEUDAS FISCALES,,215020,RET GANANCIAS EMPLEADO,Tax Payable
PASIVO,PASIVO CORRIENTE,DEUDAS FISCALES,,215021,RETENCION IIBB EFECTUADAS,Tax Payable
PASIVO,PASIVO CORRIENTE,DEUDAS FISCALES,,215030,IVA DEBITO FISCAL 21%,Tax Payable
PASIVO,PASIVO CORRIENTE,DEUDAS FISCALES,,215035,"IVA DEBITO FISCAL 10,5%",Tax Payable
PASIVO,PASIVO CORRIENTE,DEUDAS FISCALES,,215036,PERCEPCION IIBB EFECTUADAS,Tax Payable
PASIVO,PASIVO CORRIENTE,DEUDAS FISCALES,,215055,PROVISION IMP GANANCIAS,Tax Payable
PASIVO,PASIVO CORRIENTE,DEUDAS FISCALES,,215060,INTERESES IVA A PAGAR,Tax Payable
PASIVO,PASIVO CORRIENTE,DEUDAS FISCALES,,215070,INTERESES AFIP A DEVENGAR,Tax Payable
PASIVO,PASIVO CORRIENTE,DEUDAS FISCALES,,215071,SEGUROS  A DEVENGAR,Tax Payable
PASIVO,PASIVO CORRIENTE,DEUDAS FISCALES,,215096,IIBB A PAGAR,Tax Payable
PASIVO,PASIVO CORRIENTE,DEUDAS FISCALES,,215097,MORATORIAS A PAGAR,Tax Payable
PASIVO,PASIVO CORRIENTE,DEUDAS FISCALES,,215098,IMP. A LAS GANANCIAS A PAGAR,Tax Payable
PASIVO,PASIVO CORRIENTE,DEUDAS FISCALES,,215099,IVA  A PAGAR,Tax Payable
PASIVO,PASIVO CORRIENTE,DEUDAS FISCALES,,215130,IMP GCIA MIN PRSUNTA A PAGAR,Tax Payable
PASIVO,PASIVO CORRIENTE,OTROS DEUDAS,,216110,HON A PAGAR A SOCIO GERENTE,Accrued Salaries & Bonus
PASIVO,PASIVO CORRIENTE,OTROS DEUDAS,,216180,PREV.DEUDORES INCOBRABLES,Accrued Liabilities
PASIVO,PASIVO CORRIENTE,OTROS DEUDAS,,216210,DIVIDENDOS A PAGAR,Accrued Liabilities
PASIVO,PASIVO CORRIENTE,OTROS DEUDAS,,216225,PROVISION HON SOCIO GERENTE,Accrued Liabilities
PASIVO,PASIVO CORRIENTE,OTROS DEUDAS,,216330,PROVISION PARA GASTOS,Accrued Liabilities
PASIVO,PASIVO CORRIENTE,OTROS DEUDAS,,216331,SEGUROS A PAGAR,Accrued General Insurance
PASIVO,PASIVO CORRIENTE,OTROS DEUDAS,,216332,PROVISION DE COSTOS,Accrued Liabilities
PASIVO,PASIVO CORRIENTE,OTROS DEUDAS,,216333,PRESTAMO LORD & THOMAS,Accrued Legal
PASIVO,PASIVO CORRIENTE,OTROS DEUDAS,,216334,PRESTAMO SOCIOS,Accrued Liabilities
PASIVO,PASIVO CORRIENTE,OTROS DEUDAS,,216335,PRESTAMO XYZ,Accrued Legal
PATRIMONIO NETO,CAPITAL,CAPITAL SUSCRIPTO,,311010,CAPITAL SOCIAL,Contributed capital
PATRIMONIO NETO,CAPITAL,CAPITAL SUSCRIPTO,,311020,AJUSTES DE CAPITAL,Contributed capital
PATRIMONIO NETO,RESERVA,RESERVAS,,321010,RESERVA LEGAL,Contributed capital
PATRIMONIO NETO,RESERVA,RESERVAS,,321020,RESERVA PARA CAP DE TRABAJO,Contributed capital
PATRIMONIO NETO,RESERVA,RESERVAS,,321030,RESERVA FACULTATIVA,Contributed capital
PATRIMONIO NETO,RESULTADOS,RESULTADOS NO ASIGNADOS,,331010,DE EJERCICIOS ANTERIORES NO ASIGNADOS,Contributed capital
PATRIMONIO NETO,RESULTADOS,RESULTADOS NO ASIGNADOS,,331020,DEL EJERCICIO,Contributed capital
INGRESOS,INGRESOS OPERATIVOS,INGRESOS PRODUCCION,,411010,FEE PRODUCCION,Sales - Retainer Fees
INGRESOS,INGRESOS OPERATIVOS,INGRESOS PRODUCCION,,411012,HONORARIOS SERVICIO DE COORDINACION CLIENTES,Sales - Production Default
INGRESOS,INGRESOS OPERATIVOS,INGRESOS PRODUCCION,,411013,HONORARIOS SERVICIO DE BACK OFFICE,Sales - Production Default
INGRESOS,INGRESOS NO OPERATIVOS,OCCUPANCY,,411014,INGRESOS POR SERVICIO DE GASTOS COMPARTIDOS,Sales - Production Default
INGRESOS,INGRESOS OPERATIVOS,INGRESOS PRODUCCION,,411020,SERVICIO AGENCIA PRODUCCION,Sales - Production Default
INGRESOS,INGRESOS OPERATIVOS,INGRESOS PRODUCCION,,411030,VENTAS SERVICIOS PROPIOS,Sales - Production Default
INGRESOS,INGRESOS OPERATIVOS,INGRESOS PRODUCCION,,411031,VENTAS INGRESOS PROPIOS,Other Income
INGRESOS,INGRESOS OPERATIVOS,INGRESOS PRODUCCION,,411040,MARK UP PRODUCCION,Sales - Production Default
INGRESOS,INGRESOS OPERATIVOS,INGRESOS PRODUCCION,,411070,ANTICIPOS PRODUCCION,Sales - Production Default
INGRESOS,INGRESOS OPERATIVOS,INGRESOS MEDIOS,,412010,FEE MEDIOS,Sales - Media Default
INGRESOS,INGRESOS OPERATIVOS,INGRESOS MEDIOS,,412020,SERVICIO AGENCIA MEDIOS,Sales - Media Default
INGRESOS,INGRESOS OPERATIVOS,INGRESOS MEDIOS,,412040,MARK UP MEDIOS,Sales - Media Default
INGRESOS,INGRESOS OPERATIVOS,COSTOS DIRECTOS PRODUCCION,,413010,COSTOS PRODUCCION X OT VIATICOS,COS - Production
INGRESOS,INGRESOS OPERATIVOS,COSTOS DIRECTOS PRODUCCION,,413020,COSTOS PRODUCCION X OT REFRIGERIOS,COS - Production
INGRESOS,INGRESOS OPERATIVOS,COSTOS DIRECTOS MEDIOS,,414010,COSTOS MEDIOS X POR PAUTA VIATICOS,COS - Media Default
INGRESOS,INGRESOS OPERATIVOS,COSTOS DIRECTOS MEDIOS,,414020,COSTOS MEDIOS X POR PAUTA REFRIGERIOS,COS - Media Default
INGRESOS,INGRESOS NO OPERATIVOS,OTROS INGRESOS,,421010,DESC POR PRONTO PAGO,Sales - Media Default
INGRESOS,INGRESOS NO OPERATIVOS,OTROS INGRESOS,,421020,INTERESES GANANDOS,Other Income
INGRESOS,INGRESOS NO OPERATIVOS,OTROS INGRESOS,,421021,GANANCIA POR TENENCIA,Sales - Media Default
INGRESOS,INGRESOS NO OPERATIVOS,OTROS INGRESOS,,421030,DIF. DE CAMBIO,Sales - Media Default
INGRESOS,INGRESOS NO OPERATIVOS,OTROS INGRESOS,,421032,DEC 376/2020 SALARIO COMPLEMENTARIO,Payroll
INGRESOS,INGRESOS NO OPERATIVOS,OTROS INGRESOS,,421040,UT VTA BIENES  DE USO,Sales - Media Default
EGRESOS,STAFF COST,STAFF COST,,511001,REMUNERACIONES,Payroll
EGRESOS,STAFF COST,STAFF COST,,511002,CARGAS SOCIALES,Payroll Taxes
EGRESOS,STAFF COST,STAFF COST,,511004,SUELDO ANUAL COMPLEMENTARIO,Payroll Expenses
EGRESOS,STAFF COST,STAFF COST,,511005,SEGURO DE VIDA,Employee Insurance
EGRESOS,STAFF COST,STAFF COST,,511006,SINDICATO UNICO DE PUBLICIDAD,Payroll Expenses
EGRESOS,STAFF COST,STAFF COST,,511007,PREPAGAS SOCIOS,Employee Insurance
EGRESOS,STAFF COST,STAFF COST,,511008,GASTOS POR PASANTIAS,Payroll Expenses
EGRESOS,STAFF COST,STAFF COST,,511010,CONTROL MEDICOyPREOCUPACIONAL,Payroll Expenses
EGRESOS,STAFF COST,STAFF COST,,511011,GASTOS CAPACITACION PERSONAL,Payroll Expenses
EGRESOS,STAFF COST,STAFF COST,,511012,GRATIFICACIONES,Employee Gifts
EGRESOS,STAFF COST,STAFF COST,,511013,BENEFICIOS AL PERSONAL,Payroll - Bonuses
EGRESOS,STAFF COST,STAFF COST,,511014,VACACIONES,Payroll Expenses
EGRESOS,STAFF COST,STAFF COST,,511015,HONORARIOS FREE LANCE,Contract Labor
EGRESOS,STAFF COST,STAFF COST,,511016,ART SEGUROS,Payroll Expenses
EGRESOS,STAFF COST,STAFF COST,,511017,INDEMNIZACION POR DESPIDO,Employee severance
EGRESOS,STAFF COST,STAFF COST,,511018,GRATIFICACION POR CESE,Payroll Expenses
EGRESOS,STAFF COST,STAFF COST,,511019,AUTONOMOS,Payroll Expenses
EGRESOS,STAFF COST,STAFF COST,,511020,SERVICIOS BACK OFFICE,Payroll Expenses
EGRESOS,IMPUESTOS,IMPUESTOS,,511021,IMPUESTO PAIS,Taxes & Licenses
EGRESOS,RESULTADOS,OCCUPANCY,,511022, EGRESOS POR SERVICIOS DE GASTOS COMPARTIDOS,Agency Community
EGRESOS,O & G,OCCUPANCY,,521001,AGUAS ARGENTINAS,Office expenses
EGRESOS,O & G,OCCUPANCY,,521002,METROGAS,Office expenses
EGRESOS,O & G,OCCUPANCY,,521003,LUZ,Office expenses
EGRESOS,O & G,OCCUPANCY,,521004,A.B.L.,Office expenses
EGRESOS,O & G,OCCUPANCY,,521005,ALQUILERES DE INMUEBLES,Rent Expense
EGRESOS,O & G,OCCUPANCY,,521006,EXPENSAS,Office expenses
EGRESOS,O & G,OCCUPANCY,,521007,LIMPIEZA,Office Cleaning
EGRESOS,O & G,OCCUPANCY,,521008,GASTOS DE MANTENIMIENTO,Office expenses
EGRESOS,O & G,OCCUPANCY,,521009,ALQUILERES DE COCHERAS,Rent Expense
EGRESOS,O & G,AMORTIZACIONES,,522001,AMORTIZACION MS.Y US.e INSTAL.,Depreciation Expense
EGRESOS,O & G,AMORTIZACIONES,,522002,AMORTIZACION MEJORAS,Depreciation Expense
EGRESOS,O & G,AMORTIZACIONES,,522003,AMORT EQUIPOS COMPUTACION,Depreciation Expense
EGRESOS,O & G,AMORTIZACIONES,,522004,AMORT APARATOS TELEFONICOS,Depreciation Expense
EGRESOS,O & G,AMORTIZACIONES,,522005,AMORT INVERSIONES INMUBLES,Depreciation Expense
EGRESOS,O & G,GASTOS DE OFICINA,,523001,CORREOS Y COURIER,Delivery & Postage
EGRESOS,O & G,GASTOS DE OFICINA,,523002,ART. LIBRERIA/UTILES OFICINA,Office Supplies
EGRESOS,O & G,GASTOS DE OFICINA,,523003,COMIDAS,Overhead Meals & Entertainment
EGRESOS,O & G,GASTOS DE OFICINA,,523004,DIFERENCIA DE CENTAVOS,Other expenses
EGRESOS,O & G,GASTOS DE OFICINA,,523005,PAPELERIA E IMPRESIONES,Office Supplies
EGRESOS,O & G,GASTOS DE OFICINA,,523006,GASTOS VARIOS,Other expenses
EGRESOS,O & G,GASTOS DE OFICINA,,523007,GASTOS DE MOVILIDAD,Taxi
EGRESOS,O & G,GASTOS DE OFICINA,,523008,REFRIGERIOS,Office Supplies
EGRESOS,O & G,GASTOS DE OFICINA,,523009,MENSAJERIA EN MOTO ,Legal Expense
EGRESOS,O & G,GASTOS DE OFICINA,,523010,DEVOLUCIONES,Non-billable Client Prod Expense
EGRESOS,O & G,GASTOS DE OFICINA,,523011,EVENTOS CORPORATIVOS,Overhead Meals & Entertainment
EGRESOS,O & G,GASTOS DE OFICINA,,523012,GASTOS LEGALES,Legal Expense
EGRESOS,O & G,OTROS,,523120,HOSPEDAJES,Overhead Travel
EGRESOS,O & G,OTROS,,523130,VIAJES,Overhead Travel
EGRESOS,O & G,GASTOS DE REPRESENTACION Y PR,,524001,CUOTAS DE ASOCIACIONES,Overhead Meals & Entertainment
EGRESOS,O & G,GASTOS DE REPRESENTACION Y PR,,524002,ATENCIONES A TERCEROS,Client Gifts
EGRESOS,O & G,GASTOS DE REPRESENTACION Y PR,,524003,DONACIONES,Donations
EGRESOS,O & G,GASTOS DE REPRESENTACION Y PR,,524004,TAXI Y ESTACIONAMIENTO CLIENTES,Taxi
EGRESOS,O & G,GASTOS DE REPRESENTACION Y PR,,524005,GASTOS DE MANTENIMIENTO,Repairs and Maintenance Expense
EGRESOS,O & G,GASTOS DE REPRESENTACION Y PR,,524006,GASTOS AUTOS,Taxi
EGRESOS,O & G,GASTOS DE REPRESENTACION Y PR,,524007,GASTOS DE REPRESENTACION ,Other expenses
EGRESOS,O & G,SERVICIOS PROFESIONALES,,525001,HON.AUDITORIA ,CPA Expense
EGRESOS,O & G,SERVICIOS PROFESIONALES,,525002,HONORARIOS SISTEMAS Y COMP. IT,Subscriptions
EGRESOS,O & G,SERVICIOS PROFESIONALES,,525003,HONORARIOS LEGALES,Legal Services
EGRESOS,O & G,SERVICIOS PROFESIONALES,,525004,HONORARIOS PROFES EXTRAORDINARIOS,Professional Fee Expense
EGRESOS,O & G,SERVICIOS PROFESIONALES,,525005,CERTIFICACIONES,Legal Expense
EGRESOS,O & G,SERVICIOS PROFESIONALES,,525006,"DIARIOS,REVISTAS Y SUSCRIP.",Subscriptions
EGRESOS,O & G,SERVICIOS PROFESIONALES,,525007,AVISOS Y PUBLICACIONES,Subscriptions
EGRESOS,O & G,SERVICIOS PROFESIONALES,,525008,HON POR CONFECCION DE ORIGINAL,COS - Production
EGRESOS,O & G,SERVICIOS PROFESIONALES,,525009,HONORARIOS CONTABLES IMPOSITIVOS,CPA Expense
EGRESOS,O & G,SERVICIOS PROFESIONALES,,525010,HONORARIOS PROFES. VARIOS,Contract Labor
EGRESOS,O & G,SERVICIOS PROFESIONALES,,525011,HONORARIOS DIRECTORES,Subscriptions
EGRESOS,O & G,SERVICIOS PROFESIONALES,,525012,HONORARIOS FCB LATAM,Overhead Meals & Entertainment
EGRESOS,O & G,OCCUPANCY,,525013,HONORARIOS DE REPRESENTACION,Other expenses
EGRESOS,O & G,OCCUPANCY,,525014,NEW BUSINESSES,New Business Expense
EGRESOS,O & G,GASTOS DE REPRESENTACION Y PR,,525015,FESTIVASLES PUBLICITARIOS,Professional Fee Expense
EGRESOS,O & G,SERVICIOS PROFESIONALES,,525018,HONORARIOS de COORDINACION DE CLIENTES,Professional Fee Expense
EGRESOS,O & G,IT & COMMUNICATIONS,,526001,SERVICIOS DE INTERNET,Mobile Phone/Internet
EGRESOS,O & G,IT & COMMUNICATIONS,,526002,ALQUILERES DE EQUIPOS,Equipment Lease Expense
EGRESOS,O & G,IT & COMMUNICATIONS,,526003,INSUMOS y GASTOS COMPUTACION,Repairs and Maintenance Expense
EGRESOS,O & G,IT & COMMUNICATIONS,,526004,TELEFONOS Y COMUNICACIONES,Mobile Phone/Internet
EGRESOS,O & G,IT & COMMUNICATIONS,,526005,TELEFONIA CELULAR,Mobile Phone/Internet
EGRESOS,O & G,IT & COMMUNICATIONS,,526006,REPARACION DE EQUIPOS,Mobile Phone/Internet
EGRESOS,O & G,CARGOS BANCARIOS & SEGUROS,,527001,IMPUESTO LEY 25413,Taxes & Licenses
EGRESOS,O & G,CARGOS BANCARIOS & SEGUROS,,527002,GASTOS BANCARIOS,Bank Fees
EGRESOS,O & G,CARGOS BANCARIOS & SEGUROS,,527003,INTERESES POR PRESTAMOS,Bank Fees
EGRESOS,O & G,CARGOS BANCARIOS & SEGUROS,,527004,DIFERENCIA DE CAMBIO,Bank Fees
EGRESOS,O & G,CARGOS BANCARIOS & SEGUROS,,527005,INTERESES FINANCIEROS ,Bank Fees
EGRESOS,O & G,CARGOS BANCARIOS & SEGUROS,,527006,INTERESES POR RECARGO,Bank Fees
EGRESOS,O & G,CARGOS BANCARIOS & SEGUROS,,527007,GASTOS Y COMISIONES TARJETAS,Credit Card Expense
EGRESOS,O & G,CARGOS BANCARIOS & SEGUROS,,527008,OTROS SEGUROS,Insurance Expense
EGRESOS,O & G,CARGOS BANCARIOS & SEGUROS,,527009,SEGUROS,Insurance Expense
EGRESOS,O & G,CARGOS BANCARIOS & SEGUROS,,527010,RECUPERO IMPUESTO,Taxes & Licenses
EGRESOS,O & G,CARGOS BANCARIOS & SEGUROS,,527011,RECPAM (Res x exp al cbio en el pod adq de la mon),Bank Fees
EGRESOS,O & G,CARGOS BANCARIOS & SEGUROS,,527012,GASTOS BANCARIOS POR COBRANZA EXTERIOR,Insurance Expense
EGRESOS,O & G,CARGOS BANCARIOS & SEGUROS,,527013,GASTOS Y COMISIONES X INVERSIONES,Insurance Expense
EGRESOS,O & G,CARGOS BANCARIOS & SEGUROS,,527014,DIFERENCIA DE CAMBIO x PROVEEDOR,Insurance Expense
EGRESOS,O & G,OTROS,,528001,GASTOS CAPACITACION,Agency Community
EGRESOS,O & G,OTROS,,528002,VIAJES EXT Y EXPOSICIONES,Overhead Travel
EGRESOS,O & G,OTROS,,528003,PÉRDIDA POR TENENCIA,COS - Media Default
EGRESOS,O & G,OTROS,,528005,DEUDAS INCOBRABLES,Bad Debt Expense
EGRESOS,IMPUESTOS,IMPUESTOS,,531001,IMP.A LAS GANANCIAS,Taxes & Licenses
EGRESOS,IMPUESTOS,IMPUESTOS,,531002,TASA ANUAL COMFER,Taxes & Licenses
EGRESOS,IMPUESTOS,IMPUESTOS,,531003,MORATORIAS ,Taxes & Licenses
EGRESOS,IMPUESTOS,IMPUESTOS,,531004,IMPUESTOS VARIOS,Taxes & Licenses
EGRESOS,IMPUESTOS,IMPUESTOS,,531005,IMP A LOS SELLOS,Taxes & Licenses
EGRESOS,IMPUESTOS,IMPUESTOS,,531006,IMP.s/ INGRESOS BRUTOS C.A.B.A.,Taxes & Licenses
EGRESOS,IMPUESTOS,IMPUESTOS,,531007,IMP.s/ INGRESOS BRUTOS BS.AS.,Taxes & Licenses
EGRESOS,IMPUESTOS,IMPUESTOS,,531008,IMP.s/ACCIONES O PARTICIPACIONES ,Taxes & Licenses
EGRESOS,IMPUESTOS,IMPUESTOS,,531009,SUSS,Taxes & Licenses
EGRESOS,IMPUESTOS,IMPUESTOS,,531010,SRT,Taxes & Licenses
EGRESOS,IMPUESTOS,IMPUESTOS,,531011,INTERESES AFIP,Taxes & Licenses
EGRESOS,IMPUESTOS,IMPUESTOS,,531012,IMPUESTOS TASAS Y CONTRIBUCIONES IGJ,Taxes & Licenses
EGRESOS,IMPUESTOS,IMPUESTOS,,531013,IMPUESTO A LOS BIENES PERSONALES SOCIETARIOS,Taxes & Licenses
